content_id,title,genre,release_year
101,Beyond Reality 3,Comedy,2021
102,Lost in Time 8,Comedy,2020
103,Lost in Time 7,Romance,2021
104,Beyond Reality 1,Romance,2022
105,Laugh Riot 1,Drama,2016
106,Broken Signals 6,Comedy,2015
107,Laugh Riot 10,Thriller,2011
108,Crimson Sky 1,Sci-Fi,2017
109,Neon Dreams 7,Fantasy,2013
110,Crimson Sky 7,Comedy,2010
111,Beyond Reality 6,Horror,2023
112,Broken Signals 3,Drama,2020
113,Broken Signals 7,Action,2010
114,Neon Dreams 8,Fantasy,2021
115,Beyond Reality 4,Thriller,2021
116,Beyond Reality 3,Fantasy,2013
117,Beyond Reality 2,Fantasy,2021
118,Beyond Reality 10,Fantasy,2016
119,Ghost Circuit 6,Sci-Fi,2023
120,Crimson Sky 6,Romance,2017
121,Broken Signals 2,Sci-Fi,2023
122,Beyond Reality 6,Action,2022
123,Beyond Reality 3,Fantasy,2016
124,The Final Code 4,Thriller,2023
125,Laugh Riot 4,Sci-Fi,2017
126,Beyond Reality 7,Romance,2018
127,The Final Code 3,Drama,2015
128,Broken Signals 5,Romance,2023
129,Heartlines 5,Drama,2015
130,Broken Signals 2,Fantasy,2011
131,Neon Dreams 1,Action,2017
132,Ghost Circuit 10,Comedy,2016
133,Heartlines 1,Drama,2015
134,Lost in Time 1,Fantasy,2023
135,Broken Signals 9,Thriller,2020
136,Broken Signals 4,Drama,2010
137,Lost in Time 2,Fantasy,2017
138,Broken Signals 4,Drama,2015
139,Neon Dreams 5,Action,2012
140,Crimson Sky 2,Horror,2014
141,Parallel Minds 5,Fantasy,2016
142,Parallel Minds 5,Horror,2023
143,Crimson Sky 7,Romance,2011
144,Parallel Minds 1,Drama,2017
145,The Final Code 10,Sci-Fi,2016
146,Broken Signals 5,Romance,2017
147,Parallel Minds 10,Drama,2011
148,Lost in Time 2,Horror,2018
149,Parallel Minds 6,Action,2020
150,Ghost Circuit 5,Action,2014
